{
    "x": -1.1549996137619019,
    "y": -0.8341295719146729,
    "z": 0.0,
    "currentHp": 0.0
}